{
  "type": "minecraft:crafting_shapeless",
  "category": "equipment",
  "ingredients": [
    {
      "item": "irons_spellbooks:epic_ink"
    },
    {
      "item": "irons_spellbooks:arcane_essence"
    },
    {
      "item": "irons_spellbooks:arcane_essence"
    },
    {
      "item": "irons_spellbooks:arcane_essence"
    },
    {
      "item": "irons_spellbooks:arcane_essence"
    },
    {
      "item": "irons_spellbooks:arcane_essence"
    },
    {
      "item": "irons_spellbooks:arcane_essence"
    },
    {
      "item": "irons_spellbooks:arcane_essence"
    },
    {
      "item": "irons_spellbooks:arcane_essence"
    }
  ],
  "result": {
    "item": "irons_spellbooks:legendary_ink"
  }
}