{
  "type": "minecraft:crafting_shapeless",
  "category": "equipment",
  "ingredients": [
    {
      "item": "minecraft:sculk"
    },
    {
      "item": "minecraft:sculk"
    },
    {
      "item": "minecraft:sculk"
    },
    {
      "item": "minecraft:sculk"
    },
    {
      "item": "minecraft:sculk"
    },
    {
      "item": "minecraft:sculk"
    },
    {
      "item": "minecraft:sculk"
    },
    {
      "item": "minecraft:sculk"
    },
    {
      "item": "minecraft:sculk"
    }    
  ],
  "result": {
    "item": "minecraft:sculk_catalyst"
  }
}